activity,started_at,finished_at,user_id,user,room,floor
Location,2023-04-10 14:21:46+09:00,2023-04-10 14:21:50+09:00,97,5th-location,kitchen,5th
Location,2023-04-10 14:21:55+09:00,2023-04-10 14:22:16+09:00,97,5th-location,cafeteria,5th
Location,2023-04-10 14:22:23+09:00,2023-04-10 14:23:25+09:00,97,5th-location,kitchen,5th
Location,2023-04-10 14:23:29+09:00,2023-04-10 14:23:44+09:00,97,5th-location,cleaning,5th
Location,2023-04-10 14:23:42+09:00,2023-04-10 14:24:05+09:00,97,5th-location,nurse station,5th
Location,2023-04-10 14:24:11+09:00,2023-04-10 14:24:31+09:00,97,5th-location,hallway,"2nd,5th"
Location,2023-04-10 14:24:31+09:00,2023-04-10 14:26:38+09:00,97,5th-location,501,5th
Location,2023-04-10 14:26:43+09:00,2023-04-10 14:27:00+09:00,97,5th-location,hallway,"2nd,5th"
Location,2023-04-10 14:27:04+09:00,2023-04-10 14:27:12+09:00,97,5th-location,cafeteria,5th
Location,2023-04-10 14:27:15+09:00,2023-04-10 14:27:27+09:00,97,5th-location,cleaning,5th
Location,2023-04-10 14:27:33+09:00,2023-04-10 14:27:49+09:00,97,5th-location,nurse station,5th
Location,2023-04-10 14:27:54+09:00,2023-04-10 14:28:01+09:00,97,5th-location,hallway,"2nd,5th"
Location,2023-04-10 14:28:09+09:00,2023-04-10 14:29:28+09:00,97,5th-location,506,5th
Location,2023-04-10 14:29:33+09:00,2023-04-10 14:29:47+09:00,97,5th-location,cleaning,5th
Location,2023-04-10 14:29:52+09:00,2023-04-10 14:30:00+09:00,97,5th-location,nurse station,5th
Location,2023-04-10 14:30:27+09:00,2023-04-10 14:32:22+09:00,97,5th-location,520,5th
Location,2023-04-10 14:32:25+09:00,2023-04-10 14:32:29+09:00,97,5th-location,hallway,"2nd,5th"
Location,2023-04-10 14:32:34+09:00,2023-04-10 14:32:46+09:00,97,5th-location,cafeteria,5th
Location,2023-04-10 14:32:52+09:00,2023-04-10 14:33:39+09:00,97,5th-location,cleaning,5th
Location,2023-04-10 14:33:43+09:00,2023-04-10 14:33:58+09:00,97,5th-location,nurse station,5th
Location,2023-04-10 14:34:01+09:00,2023-04-10 14:34:35+09:00,97,5th-location,cafeteria,5th
Location,2023-04-10 14:34:34+09:00,2023-04-10 14:38:07+09:00,97,5th-location,kitchen,5th
Location,2023-04-10 14:38:08+09:00,2023-04-10 14:38:33+09:00,97,5th-location,cafeteria,5th
Location,2023-04-10 14:38:37+09:00,2023-04-10 14:41:04+09:00,97,5th-location,kitchen,5th
Location,2023-04-10 14:41:10+09:00,2023-04-10 14:42:49+09:00,97,5th-location,nurse station,5th
Location,2023-04-10 14:42:00+09:00,2023-04-10 14:44:00+09:00,97,5th-location,511,5th
Location,2023-04-10 14:42:53+09:00,2023-04-10 14:42:54+09:00,97,5th-location,hallway,"2nd,5th"
Location,2023-04-10 14:44:42+09:00,2023-04-10 14:44:57+09:00,97,5th-location,hallway,"2nd,5th"
Location,2023-04-10 14:44:56+09:00,2023-04-10 14:46:16+09:00,97,5th-location,nurse station,5th
Location,2023-04-10 14:46:21+09:00,2023-04-10 14:47:36+09:00,97,5th-location,kitchen,5th
Location,2023-04-10 14:47:42+09:00,2023-04-10 14:49:00+09:00,97,5th-location,nurse station,5th
Location,2023-04-10 14:49:00+09:00,2023-04-10 14:49:09+09:00,97,5th-location,cafeteria,5th
Location,2023-04-10 14:49:10+09:00,2023-04-10 14:51:01+09:00,97,5th-location,nurse station,5th
Location,2023-04-10 14:51:06+09:00,2023-04-10 14:51:51+09:00,97,5th-location,kitchen,5th
Location,2023-04-10 14:51:52+09:00,2023-04-10 14:52:02+09:00,97,5th-location,cafeteria,5th
Location,2023-04-10 14:52:03+09:00,2023-04-10 15:02:08+09:00,97,5th-location,nurse station,5th
Location,2023-04-10 15:02:12+09:00,2023-04-10 15:02:31+09:00,97,5th-location,hallway,"2nd,5th"
Location,2023-04-10 15:02:34+09:00,2023-04-10 15:22:09+09:00,97,5th-location,523,5th
Location,2023-04-10 15:22:13+09:00,2023-04-10 15:22:29+09:00,97,5th-location,hallway,"2nd,5th"
Location,2023-04-10 15:22:33+09:00,2023-04-10 15:22:40+09:00,97,5th-location,cleaning,5th
Location,2023-04-10 15:22:42+09:00,2023-04-10 15:22:44+09:00,97,5th-location,hallway,"2nd,5th"
Location,2023-04-10 15:22:47+09:00,2023-04-10 15:23:08+09:00,97,5th-location,cafeteria,5th
Location,2023-04-10 15:23:11+09:00,2023-04-10 15:23:20+09:00,97,5th-location,hallway,"2nd,5th"
Location,2023-04-10 15:23:18+09:00,2023-04-10 15:30:08+09:00,97,5th-location,nurse station,5th
Location,2023-04-10 15:30:12+09:00,2023-04-10 15:30:22+09:00,97,5th-location,cafeteria,5th
Location,2023-04-10 15:30:25+09:00,2023-04-10 15:30:37+09:00,97,5th-location,nurse station,5th
Location,2023-04-10 15:30:40+09:00,2023-04-10 15:30:51+09:00,97,5th-location,cafeteria,5th
Location,2023-04-10 15:30:54+09:00,2023-04-10 15:31:29+09:00,97,5th-location,nurse station,5th
Location,2023-04-10 15:31:31+09:00,2023-04-10 15:31:41+09:00,97,5th-location,hallway,"2nd,5th"
Location,2023-04-10 15:31:47+09:00,2023-04-10 15:35:08+09:00,97,5th-location,523,5th
Location,2023-04-10 15:35:12+09:00,2023-04-10 15:35:29+09:00,97,5th-location,hallway,"2nd,5th"
Location,2023-04-10 15:35:30+09:00,2023-04-10 15:44:47+09:00,97,5th-location,523,5th
Location,2023-04-10 15:44:50+09:00,2023-04-10 15:45:03+09:00,97,5th-location,hallway,"2nd,5th"
Location,2023-04-10 15:45:09+09:00,2023-04-10 15:45:38+09:00,97,5th-location,kitchen,5th
Location,2023-04-10 15:45:47+09:00,2023-04-10 15:46:06+09:00,97,5th-location,cafeteria,5th
Location,2023-04-10 15:45:52+09:00,2023-04-10 15:48:18+09:00,97,5th-location,nurse station,5th
Location,2023-04-10 15:48:21+09:00,2023-04-10 15:49:28+09:00,97,5th-location,cafeteria,5th
Location,2023-04-10 15:49:32+09:00,2023-04-10 16:00:54+09:00,97,5th-location,nurse station,5th
Location,2023-04-10 16:01:28+09:00,2023-04-10 16:01:28+09:00,97,5th-location,kitchen,5th
Location,2023-04-10 16:01:45+09:00,2023-04-10 16:01:48+09:00,97,5th-location,hallway,"2nd,5th"
Location,2023-04-10 16:01:53+09:00,2023-04-10 16:03:55+09:00,97,5th-location,cafeteria,5th
Location,2023-04-10 16:03:59+09:00,2023-04-10 16:05:12+09:00,97,5th-location,nurse station,5th
Location,2023-04-10 16:05:16+09:00,2023-04-10 16:05:18+09:00,97,5th-location,cafeteria,5th
Location,2023-04-10 16:05:21+09:00,2023-04-10 16:05:28+09:00,97,5th-location,hallway,"2nd,5th"
Location,2023-04-10 16:05:30+09:00,2023-04-10 16:05:47+09:00,97,5th-location,516,5th
Location,2023-04-10 16:05:52+09:00,2023-04-10 16:05:59+09:00,97,5th-location,hallway,"2nd,5th"
Location,2023-04-10 16:06:04+09:00,2023-04-10 16:07:38+09:00,97,5th-location,cafeteria,5th
Location,2023-04-10 16:07:43+09:00,2023-04-10 16:11:09+09:00,97,5th-location,nurse station,5th
Location,2023-04-10 16:11:14+09:00,2023-04-10 16:11:17+09:00,97,5th-location,hallway,"2nd,5th"
Location,2023-04-10 16:11:36+09:00,2023-04-10 16:14:13+09:00,97,5th-location,508,5th
Location,2023-04-10 16:14:00+09:00,2023-04-10 16:14:00+09:00,97,5th-location,hallway,"2nd,5th"
Location,2023-04-10 16:14:17+09:00,2023-04-10 16:14:29+09:00,97,5th-location,hallway,"2nd,5th"
Location,2023-04-10 16:14:36+09:00,2023-04-10 16:14:43+09:00,97,5th-location,cafeteria,5th
Location,2023-04-10 16:14:46+09:00,2023-04-10 16:18:11+09:00,97,5th-location,kitchen,5th
Location,2023-04-10 16:18:15+09:00,2023-04-10 16:18:26+09:00,97,5th-location,cafeteria,5th
Location,2023-04-10 16:18:29+09:00,2023-04-10 16:18:30+09:00,97,5th-location,nurse station,5th
Location,2023-04-10 16:18:38+09:00,2023-04-10 16:19:50+09:00,97,5th-location,cafeteria,5th
Location,2023-04-10 16:19:54+09:00,2023-04-10 16:20:28+09:00,97,5th-location,nurse station,5th
Location,2023-04-10 16:20:30+09:00,2023-04-10 16:20:45+09:00,97,5th-location,cafeteria,5th
Location,2023-04-10 16:20:47+09:00,2023-04-10 16:20:49+09:00,97,5th-location,kitchen,5th
Location,2023-04-10 16:20:52+09:00,2023-04-10 16:21:09+09:00,97,5th-location,cafeteria,5th
Location,2023-04-10 16:21:11+09:00,2023-04-10 16:21:13+09:00,97,5th-location,kitchen,5th
Location,2023-04-10 16:21:16+09:00,2023-04-10 16:21:19+09:00,97,5th-location,cafeteria,5th
Location,2023-04-10 16:21:22+09:00,2023-04-10 16:38:15+09:00,97,5th-location,nurse station,5th
Location,2023-04-10 16:38:20+09:00,2023-04-10 16:39:08+09:00,97,5th-location,cafeteria,5th
Location,2023-04-10 16:39:13+09:00,2023-04-10 16:39:24+09:00,97,5th-location,kitchen,5th
Location,2023-04-10 16:39:28+09:00,2023-04-10 16:39:51+09:00,97,5th-location,cafeteria,5th
Location,2023-04-10 16:39:55+09:00,2023-04-10 16:40:58+09:00,97,5th-location,kitchen,5th
Location,2023-04-10 16:41:00+09:00,2023-04-10 16:42:06+09:00,97,5th-location,cafeteria,5th
Location,2023-04-10 16:42:12+09:00,2023-04-10 16:42:17+09:00,97,5th-location,kitchen,5th
Location,2023-04-10 16:42:19+09:00,2023-04-10 16:43:23+09:00,97,5th-location,cafeteria,5th
Location,2023-04-10 16:43:26+09:00,2023-04-10 16:48:21+09:00,97,5th-location,kitchen,5th
Location,2023-04-10 16:48:26+09:00,2023-04-10 16:49:04+09:00,97,5th-location,cafeteria,5th
Location,2023-04-10 16:49:06+09:00,2023-04-10 16:49:17+09:00,97,5th-location,hallway,"2nd,5th"
Location,2023-04-10 16:49:21+09:00,2023-04-10 16:50:13+09:00,97,5th-location,523,5th
Location,2023-04-10 16:50:15+09:00,2023-04-10 16:56:22+09:00,97,5th-location,hallway,"2nd,5th"
Location,2023-04-10 16:56:25+09:00,2023-04-10 16:58:34+09:00,97,5th-location,nurse station,5th
Location,2023-04-10 16:58:38+09:00,2023-04-10 16:58:48+09:00,97,5th-location,cafeteria,5th
Location,2023-04-10 16:58:51+09:00,2023-04-10 16:59:25+09:00,97,5th-location,kitchen,5th
Location,2023-04-10 16:59:30+09:00,2023-04-10 17:05:23+09:00,97,5th-location,cafeteria,5th
Location,2023-04-10 17:05:26+09:00,2023-04-10 17:05:46+09:00,97,5th-location,nurse station,5th
Location,2023-04-10 17:05:51+09:00,2023-04-10 17:06:04+09:00,97,5th-location,cafeteria,5th
Location,2023-04-10 17:06:15+09:00,2023-04-10 17:09:26+09:00,97,5th-location,hallway,"2nd,5th"
Location,2023-04-10 17:09:29+09:00,2023-04-10 17:10:42+09:00,97,5th-location,nurse station,5th
Location,2023-04-10 17:10:47+09:00,2023-04-10 17:12:16+09:00,97,5th-location,kitchen,5th
Location,2023-04-10 17:12:19+09:00,2023-04-10 17:27:29+09:00,97,5th-location,cafeteria,5th
Location,2023-04-10 17:27:34+09:00,2023-04-10 17:27:43+09:00,97,5th-location,hallway,"2nd,5th"
Location,2023-04-10 17:27:45+09:00,2023-04-10 17:30:41+09:00,97,5th-location,523,5th
Location,2023-04-10 17:30:46+09:00,2023-04-10 17:30:51+09:00,97,5th-location,hallway,"2nd,5th"
Location,2023-04-10 17:30:57+09:00,2023-04-10 17:31:03+09:00,97,5th-location,nurse station,5th
Location,2023-04-11 14:03:41+09:00,2023-04-11 14:11:46+09:00,97,5th-location,kitchen,5th
Location,2023-04-11 14:11:54+09:00,2023-04-11 14:14:45+09:00,97,5th-location,cafeteria,5th
Location,2023-04-11 14:14:54+09:00,2023-04-11 14:15:00+09:00,97,5th-location,kitchen,5th
Location,2023-04-11 14:15:05+09:00,2023-04-11 14:15:08+09:00,97,5th-location,cafeteria,5th
Location,2023-04-11 14:15:12+09:00,2023-04-11 14:15:59+09:00,97,5th-location,nurse station,5th
Location,2023-04-11 14:16:38+09:00,2023-04-11 14:18:49+09:00,97,5th-location,511,5th
Location,2023-04-11 14:19:24+09:00,2023-04-11 14:19:34+09:00,97,5th-location,cleaning,5th
Location,2023-04-11 14:19:43+09:00,2023-04-11 14:20:09+09:00,97,5th-location,nurse station,5th
Location,2023-04-11 14:20:11+09:00,2023-04-11 14:26:45+09:00,97,5th-location,512,5th
Location,2023-04-11 14:27:16+09:00,2023-04-11 14:27:38+09:00,97,5th-location,kitchen,5th
Location,2023-04-11 14:27:53+09:00,2023-04-11 14:27:55+09:00,97,5th-location,cleaning,5th
Location,2023-04-11 14:28:17+09:00,2023-04-11 14:28:36+09:00,97,5th-location,nurse station,5th
Location,2023-04-11 14:28:54+09:00,2023-04-11 14:31:04+09:00,97,5th-location,520,5th
Location,2023-04-11 14:31:47+09:00,2023-04-11 14:31:48+09:00,97,5th-location,cleaning,5th
Location,2023-04-11 14:32:32+09:00,2023-04-11 14:32:36+09:00,97,5th-location,cafeteria,5th
Location,2023-04-11 14:33:18+09:00,2023-04-11 14:36:42+09:00,97,5th-location,kitchen,5th
Location,2023-04-11 14:37:20+09:00,2023-04-11 14:37:30+09:00,97,5th-location,nurse station,5th
Location,2023-04-11 14:38:02+09:00,2023-04-11 14:38:24+09:00,97,5th-location,522,5th
Location,2023-04-11 14:38:31+09:00,2023-04-11 14:39:04+09:00,97,5th-location,511,5th
Location,2023-04-11 14:39:33+09:00,2023-04-11 14:41:43+09:00,97,5th-location,nurse station,5th
Location,2023-04-11 14:42:39+09:00,2023-04-11 14:43:51+09:00,97,5th-location,nurse station,5th
Location,2023-04-11 14:44:19+09:00,2023-04-11 14:44:51+09:00,97,5th-location,cafeteria,5th
Location,2023-04-11 14:45:04+09:00,2023-04-11 14:47:10+09:00,97,5th-location,kitchen,5th
Location,2023-04-11 14:47:37+09:00,2023-04-11 14:49:09+09:00,97,5th-location,nurse station,5th
Location,2023-04-11 14:49:56+09:00,2023-04-11 14:54:44+09:00,97,5th-location,nurse station,5th
Location,2023-04-11 14:55:08+09:00,2023-04-11 14:55:21+09:00,97,5th-location,cafeteria,5th
Location,2023-04-11 14:55:52+09:00,2023-04-11 14:55:56+09:00,97,5th-location,hallway,"2nd,5th"
Location,2023-04-11 14:56:02+09:00,2023-04-11 14:56:28+09:00,97,5th-location,502,5th
Location,2023-04-11 14:56:37+09:00,2023-04-11 14:56:49+09:00,97,5th-location,516,5th
Location,2023-04-11 14:57:10+09:00,2023-04-11 14:57:14+09:00,97,5th-location,518,5th
Location,2023-04-11 14:58:05+09:00,2023-04-11 14:59:34+09:00,97,5th-location,nurse station,5th
Location,2023-04-11 14:59:53+09:00,2023-04-11 15:00:12+09:00,97,5th-location,513,5th
Location,2023-04-11 15:00:31+09:00,2023-04-11 15:00:32+09:00,97,5th-location,hallway,"2nd,5th"
Location,2023-04-11 15:01:00+09:00,2023-04-11 15:15:13+09:00,97,5th-location,nurse station,5th
Location,2023-04-11 15:15:22+09:00,2023-04-11 15:22:06+09:00,97,5th-location,522,5th
Location,2023-04-11 15:22:07+09:00,2023-04-11 15:22:19+09:00,97,5th-location,nurse station,5th
Location,2023-04-11 15:22:25+09:00,2023-04-11 15:22:43+09:00,97,5th-location,cleaning,5th
Location,2023-04-11 15:22:46+09:00,2023-04-11 15:23:12+09:00,97,5th-location,cafeteria,5th
Location,2023-04-11 15:23:13+09:00,2023-04-11 15:23:29+09:00,97,5th-location,kitchen,5th
Location,2023-04-11 15:23:41+09:00,2023-04-11 15:23:56+09:00,97,5th-location,hallway,"2nd,5th"
Location,2023-04-11 15:23:56+09:00,2023-04-11 15:24:14+09:00,97,5th-location,cafeteria,5th
Location,2023-04-11 15:24:15+09:00,2023-04-11 15:27:05+09:00,97,5th-location,nurse station,5th
Location,2023-04-11 15:27:19+09:00,2023-04-11 15:27:24+09:00,97,5th-location,522,5th
Location,2023-04-11 15:27:28+09:00,2023-04-11 15:27:30+09:00,97,5th-location,523,5th
Location,2023-04-11 15:27:43+09:00,2023-04-11 15:29:21+09:00,97,5th-location,cafeteria,5th
Location,2023-04-11 15:29:25+09:00,2023-04-11 15:32:48+09:00,97,5th-location,cleaning,5th
Location,2023-04-11 15:32:59+09:00,2023-04-11 15:36:13+09:00,97,5th-location,nurse station,5th
Location,2023-04-11 15:44:47+09:00,2023-04-11 15:49:23+09:00,97,5th-location,nurse station,5th
Location,2023-04-11 15:49:37+09:00,2023-04-11 15:51:30+09:00,97,5th-location,522,5th
Location,2023-04-11 15:51:45+09:00,2023-04-11 15:52:07+09:00,97,5th-location,cafeteria,5th
Location,2023-04-11 15:52:13+09:00,2023-04-11 16:17:35+09:00,97,5th-location,nurse station,5th
Location,2023-04-11 16:17:48+09:00,2023-04-11 16:20:24+09:00,97,5th-location,cleaning,5th
Location,2023-04-11 16:21:01+09:00,2023-04-11 16:22:21+09:00,97,5th-location,kitchen,5th
Location,2023-04-11 16:22:03+09:00,2023-04-11 16:24:41+09:00,97,5th-location,cafeteria,5th
Location,2023-04-11 16:24:43+09:00,2023-04-11 16:41:57+09:00,97,5th-location,kitchen,5th
Location,2023-04-11 16:42:06+09:00,2023-04-11 16:43:44+09:00,97,5th-location,nurse station,5th
Location,2023-04-11 16:44:02+09:00,2023-04-11 16:45:39+09:00,97,5th-location,kitchen,5th
Location,2023-04-11 16:45:44+09:00,2023-04-11 16:45:57+09:00,97,5th-location,cafeteria,5th
Location,2023-04-11 16:46:00+09:00,2023-04-11 16:46:31+09:00,97,5th-location,kitchen,5th
Location,2023-04-11 16:46:51+09:00,2023-04-11 16:48:06+09:00,97,5th-location,nurse station,5th
Location,2023-04-11 16:48:33+09:00,2023-04-11 16:50:21+09:00,97,5th-location,cafeteria,5th
Location,2023-04-11 16:50:28+09:00,2023-04-11 16:52:07+09:00,97,5th-location,nurse station,5th
Location,2023-04-11 16:52:24+09:00,2023-04-11 16:52:49+09:00,97,5th-location,517,5th
Location,2023-04-11 16:53:47+09:00,2023-04-11 16:54:13+09:00,97,5th-location,cafeteria,5th
Location,2023-04-11 16:54:20+09:00,2023-04-11 16:55:09+09:00,97,5th-location,nurse station,5th
Location,2023-04-11 16:55:24+09:00,2023-04-11 16:55:26+09:00,97,5th-location,520,5th
Location,2023-04-11 16:55:43+09:00,2023-04-11 16:57:07+09:00,97,5th-location,523,5th
Location,2023-04-11 17:00:41+09:00,2023-04-11 17:00:50+09:00,97,5th-location,kitchen,5th
Location,2023-04-11 17:00:58+09:00,2023-04-11 17:10:00+09:00,97,5th-location,cafeteria,5th
Location,2023-04-11 17:12:00+09:00,2023-04-11 17:15:25+09:00,97,5th-location,cafeteria,5th
Location,2023-04-11 17:15:26+09:00,2023-04-11 17:15:37+09:00,97,5th-location,kitchen,5th
Location,2023-04-11 17:15:40+09:00,2023-04-11 17:19:09+09:00,97,5th-location,cafeteria,5th
Location,2023-04-11 17:19:23+09:00,2023-04-11 17:31:34+09:00,97,5th-location,523,5th
Location,2023-04-12 10:00:53+09:00,2023-04-12 10:05:53+09:00,97,5th-location,cafeteria,5th
Location,2023-04-12 10:05:54+09:00,2023-04-12 10:07:24+09:00,97,5th-location,nurse station,5th
Location,2023-04-12 10:07:44+09:00,2023-04-12 10:08:44+09:00,97,5th-location,502,5th
Location,2023-04-12 10:09:21+09:00,2023-04-12 10:10:54+09:00,97,5th-location,nurse station,5th
Location,2023-04-12 10:11:05+09:00,2023-04-12 10:19:13+09:00,97,5th-location,520,5th
Location,2023-04-12 10:19:26+09:00,2023-04-12 10:19:51+09:00,97,5th-location,cafeteria,5th
Location,2023-04-12 10:19:52+09:00,2023-04-12 10:20:13+09:00,97,5th-location,cleaning,5th
Location,2023-04-12 10:20:24+09:00,2023-04-12 10:23:15+09:00,97,5th-location,cafeteria,5th
Location,2023-04-12 10:24:00+09:00,2023-04-12 10:25:00+09:00,97,5th-location,512,5th
Location,2023-04-12 10:25:10+09:00,2023-04-12 10:26:54+09:00,97,5th-location,nurse station,5th
Location,2023-04-12 10:27:10+09:00,2023-04-12 10:38:33+09:00,97,5th-location,523,5th
Location,2023-04-12 10:38:49+09:00,2023-04-12 10:38:56+09:00,97,5th-location,nurse station,5th
Location,2023-04-12 10:39:09+09:00,2023-04-12 10:52:38+09:00,97,5th-location,523,5th
Location,2023-04-12 10:39:09+09:00,2023-04-12 10:52:38+09:00,97,5th-location,513,5th
Location,2023-04-12 10:52:59+09:00,2023-04-12 10:55:38+09:00,97,5th-location,cleaning,5th
Location,2023-04-12 10:55:57+09:00,2023-04-12 11:04:06+09:00,97,5th-location,513,5th
Location,2023-04-12 11:04:17+09:00,2023-04-12 11:04:37+09:00,97,5th-location,cafeteria,5th
Location,2023-04-12 11:04:44+09:00,2023-04-12 11:04:51+09:00,97,5th-location,nurse station,5th
Location,2023-04-12 11:05:08+09:00,2023-04-12 11:10:06+09:00,97,5th-location,515,5th
Location,2023-04-12 11:11:33+09:00,2023-04-12 11:15:14+09:00,97,5th-location,501,5th
Location,2023-04-12 11:16:11+09:00,2023-04-12 11:16:20+09:00,97,5th-location,cleaning,5th
Location,2023-04-12 11:16:49+09:00,2023-04-12 11:20:44+09:00,97,5th-location,503,5th
Location,2023-04-12 11:21:11+09:00,2023-04-12 11:21:25+09:00,97,5th-location,cafeteria,5th
Location,2023-04-12 11:21:28+09:00,2023-04-12 11:22:03+09:00,97,5th-location,cleaning,5th
Location,2023-04-12 11:22:19+09:00,2023-04-12 11:22:45+09:00,97,5th-location,nurse station,5th
Location,2023-04-12 11:23:00+09:00,2023-04-12 11:26:46+09:00,97,5th-location,511,5th
Location,2023-04-12 11:27:07+09:00,2023-04-12 11:27:42+09:00,97,5th-location,cafeteria,5th
Location,2023-04-12 11:27:49+09:00,2023-04-12 11:27:55+09:00,97,5th-location,cleaning,5th
Location,2023-04-12 11:28:00+09:00,2023-04-12 11:28:30+09:00,97,5th-location,nurse station,5th
Location,2023-04-12 11:28:31+09:00,2023-04-12 11:33:12+09:00,97,5th-location,522,5th
Location,2023-04-12 11:33:23+09:00,2023-04-12 11:34:42+09:00,97,5th-location,cafeteria,5th
Location,2023-04-12 11:34:45+09:00,2023-04-12 11:35:00+09:00,97,5th-location,cleaning,5th
Location,2023-04-12 11:35:05+09:00,2023-04-12 11:35:26+09:00,97,5th-location,nurse station,5th
Location,2023-04-12 11:36:10+09:00,2023-04-12 11:43:45+09:00,97,5th-location,512,5th
Location,2023-04-12 11:44:41+09:00,2023-04-12 11:44:41+09:00,97,5th-location,cleaning,5th
Location,2023-04-12 11:44:47+09:00,2023-04-12 11:46:44+09:00,97,5th-location,nurse station,5th
Location,2023-04-12 11:45:36+09:00,2023-04-12 11:55:40+09:00,97,5th-location,kitchen,5th
Location,2023-04-12 11:55:46+09:00,2023-04-12 12:32:54+09:00,97,5th-location,523,5th
Location,2023-04-12 12:22:36+09:00,2023-04-12 12:22:36+09:00,97,5th-location,cafeteria,5th
Location,2023-04-12 12:33:26+09:00,2023-04-12 12:33:48+09:00,97,5th-location,cafeteria,5th
Location,2023-04-12 12:34:06+09:00,2023-04-12 12:36:22+09:00,97,5th-location,520,5th
Location,2023-04-12 12:36:34+09:00,2023-04-12 12:36:48+09:00,97,5th-location,cafeteria,5th
Location,2023-04-12 12:36:52+09:00,2023-04-12 12:39:15+09:00,97,5th-location,kitchen,5th
Location,2023-04-12 12:39:18+09:00,2023-04-12 12:39:35+09:00,97,5th-location,cafeteria,5th
Location,2023-04-12 12:39:36+09:00,2023-04-12 12:40:23+09:00,97,5th-location,kitchen,5th
Location,2023-04-12 12:40:32+09:00,2023-04-12 12:41:28+09:00,97,5th-location,cafeteria,5th
Location,2023-04-12 12:41:35+09:00,2023-04-12 12:46:52+09:00,97,5th-location,nurse station,5th
Location,2023-04-12 12:47:00+09:00,2023-04-12 12:53:16+09:00,97,5th-location,523,5th
Location,2023-04-12 12:53:00+09:00,2023-04-12 12:54:00+09:00,97,5th-location,nurse station,5th
Location,2023-04-12 14:38:56+09:00,2023-04-12 14:40:46+09:00,97,5th-location,kitchen,5th
Location,2023-04-12 14:43:46+09:00,2023-04-12 14:56:04+09:00,97,5th-location,cleaning,5th
Location,2023-04-12 14:51:31+09:00,2023-04-12 14:52:19+09:00,97,5th-location,hallway,"2nd,5th"
Location,2023-04-12 14:52:58+09:00,2023-04-12 14:56:08+09:00,97,5th-location,cafeteria,5th
Location,2023-04-12 14:55:05+09:00,2023-04-12 14:58:21+09:00,97,5th-location,kitchen,5th
Location,2023-04-12 15:02:30+09:00,2023-04-12 15:02:33+09:00,97,5th-location,505,5th
Location,2023-04-12 15:02:48+09:00,2023-04-12 15:07:38+09:00,97,5th-location,hallway,"2nd,5th"
Location,2023-04-12 15:06:56+09:00,2023-04-12 15:07:36+09:00,97,5th-location,cafeteria,5th
Location,2023-04-12 15:07:42+09:00,2023-04-12 15:10:07+09:00,97,5th-location,hallway,"2nd,5th"
Location,2023-04-12 15:10:13+09:00,2023-04-12 15:10:21+09:00,97,5th-location,nurse station,5th
Location,2023-04-12 15:10:53+09:00,2023-04-12 15:12:45+09:00,97,5th-location,hallway,"2nd,5th"
Location,2023-04-12 15:13:30+09:00,2023-04-12 15:14:33+09:00,97,5th-location,kitchen,5th
Location,2023-04-12 15:14:53+09:00,2023-04-12 15:15:15+09:00,97,5th-location,502,5th
Location,2023-04-12 15:15:23+09:00,2023-04-12 15:17:33+09:00,97,5th-location,506,5th
Location,2023-04-12 15:17:50+09:00,2023-04-12 15:21:45+09:00,97,5th-location,nurse station,5th
Location,2023-04-12 15:21:57+09:00,2023-04-12 15:26:34+09:00,97,5th-location,502,5th
Location,2023-04-12 15:27:27+09:00,2023-04-12 15:27:41+09:00,97,5th-location,cafeteria,5th
Location,2023-04-12 15:27:46+09:00,2023-04-12 15:29:45+09:00,97,5th-location,kitchen,5th
Location,2023-04-12 15:29:55+09:00,2023-04-12 15:37:03+09:00,97,5th-location,523,5th
Location,2023-04-12 15:37:26+09:00,2023-04-12 15:37:37+09:00,97,5th-location,nurse station,5th
Location,2023-04-12 15:37:49+09:00,2023-04-12 15:38:25+09:00,97,5th-location,523,5th
Location,2023-04-12 15:38:39+09:00,2023-04-12 15:38:49+09:00,97,5th-location,nurse station,5th
Location,2023-04-12 15:38:50+09:00,2023-04-12 15:39:12+09:00,97,5th-location,cafeteria,5th
Location,2023-04-12 15:50:19+09:00,2023-04-12 15:50:33+09:00,97,5th-location,503,5th
Location,2023-04-12 15:50:41+09:00,2023-04-12 15:50:58+09:00,97,5th-location,506,5th
Location,2023-04-12 15:51:15+09:00,2023-04-12 15:51:40+09:00,97,5th-location,cleaning,5th
Location,2023-04-12 15:51:48+09:00,2023-04-12 15:53:06+09:00,97,5th-location,cafeteria,5th
Location,2023-04-12 15:53:08+09:00,2023-04-12 15:54:01+09:00,97,5th-location,nurse station,5th
Location,2023-04-12 15:54:06+09:00,2023-04-12 15:57:40+09:00,97,5th-location,cafeteria,5th
Location,2023-04-12 15:57:41+09:00,2023-04-12 16:01:08+09:00,97,5th-location,nurse station,5th
Location,2023-04-12 16:01:09+09:00,2023-04-12 16:03:07+09:00,97,5th-location,cafeteria,5th
Location,2023-04-12 16:03:08+09:00,2023-04-12 16:13:31+09:00,97,5th-location,kitchen,5th
Location,2023-04-12 16:13:37+09:00,2023-04-12 16:23:09+09:00,97,5th-location,cafeteria,5th
Location,2023-04-12 16:23:17+09:00,2023-04-12 16:23:55+09:00,97,5th-location,518,5th
Location,2023-04-12 16:23:57+09:00,2023-04-12 16:24:03+09:00,97,5th-location,cafeteria,5th
Location,2023-04-12 16:24:04+09:00,2023-04-12 16:25:01+09:00,97,5th-location,nurse station,5th
Location,2023-04-12 16:25:06+09:00,2023-04-12 16:25:40+09:00,97,5th-location,cafeteria,5th
Location,2023-04-12 16:25:42+09:00,2023-04-12 16:36:09+09:00,97,5th-location,kitchen,5th
Location,2023-04-12 16:36:11+09:00,2023-04-12 16:36:13+09:00,97,5th-location,cafeteria,5th
Location,2023-04-12 16:36:50+09:00,2023-04-12 16:39:56+09:00,97,5th-location,nurse station,5th
Location,2023-04-12 16:41:13+09:00,2023-04-12 16:41:29+09:00,97,5th-location,cafeteria,5th
Location,2023-04-12 16:42:32+09:00,2023-04-12 16:42:33+09:00,97,5th-location,517,5th
Location,2023-04-12 16:42:47+09:00,2023-04-12 16:47:06+09:00,97,5th-location,513,5th
Location,2023-04-12 16:47:53+09:00,2023-04-12 16:48:41+09:00,97,5th-location,nurse station,5th
Location,2023-04-12 16:50:03+09:00,2023-04-12 16:53:45+09:00,97,5th-location,nurse station,5th
Location,2023-04-12 16:53:58+09:00,2023-04-12 16:53:59+09:00,97,5th-location,521,5th
Location,2023-04-12 16:54:36+09:00,2023-04-12 16:54:54+09:00,97,5th-location,nurse station,5th
Location,2023-04-12 16:55:09+09:00,2023-04-12 17:07:30+09:00,97,5th-location,kitchen,5th
Location,2023-04-12 16:56:17+09:00,2023-04-12 16:59:39+09:00,97,5th-location,kitchen,5th
Location,2023-04-12 17:08:08+09:00,2023-04-12 17:29:00+09:00,97,5th-location,kitchen,5th
Location,2023-04-12 17:29:07+09:00,2023-04-12 17:29:25+09:00,97,5th-location,nurse station,5th
Location,2023-04-13 10:09:31+09:00,2023-04-13 10:10:14+09:00,97,5th-location,kitchen,5th
Location,2023-04-13 10:10:00+09:00,2023-04-13 10:14:58+09:00,97,5th-location,515,5th
Location,2023-04-13 10:15:17+09:00,2023-04-13 10:15:40+09:00,97,5th-location,cafeteria,5th
Location,2023-04-13 10:15:39+09:00,2023-04-13 10:18:42+09:00,97,5th-location,nurse station,5th
Location,2023-04-13 10:18:47+09:00,2023-04-13 10:19:05+09:00,97,5th-location,kitchen,5th
Location,2023-04-13 10:19:18+09:00,2023-04-13 10:19:39+09:00,97,5th-location,508,5th
Location,2023-04-13 10:19:47+09:00,2023-04-13 10:19:52+09:00,97,5th-location,cafeteria,5th
Location,2023-04-13 10:19:56+09:00,2023-04-13 10:20:34+09:00,97,5th-location,kitchen,5th
Location,2023-04-13 10:20:42+09:00,2023-04-13 10:22:01+09:00,97,5th-location,nurse station,5th
Location,2023-04-13 10:22:20+09:00,2023-04-13 10:25:14+09:00,97,5th-location,506,5th
Location,2023-04-13 10:25:35+09:00,2023-04-13 10:25:45+09:00,97,5th-location,cleaning,5th
Location,2023-04-13 10:25:51+09:00,2023-04-13 10:30:00+09:00,97,5th-location,nurse station,5th
Location,2023-04-13 10:30:57+09:00,2023-04-13 10:34:01+09:00,97,5th-location,501,5th
Location,2023-04-13 10:34:28+09:00,2023-04-13 10:37:19+09:00,97,5th-location,cafeteria,5th
Location,2023-04-13 10:34:45+09:00,2023-04-13 10:35:58+09:00,97,5th-location,kitchen,5th
Location,2023-04-13 10:37:19+09:00,2023-04-13 10:37:48+09:00,97,5th-location,kitchen,5th
Location,2023-04-13 10:37:49+09:00,2023-04-13 10:38:38+09:00,97,5th-location,cafeteria,5th
Location,2023-04-13 10:38:39+09:00,2023-04-13 10:40:28+09:00,97,5th-location,nurse station,5th
Location,2023-04-13 10:40:41+09:00,2023-04-13 10:41:11+09:00,97,5th-location,508,5th
Location,2023-04-13 10:41:14+09:00,2023-04-13 10:45:34+09:00,97,5th-location,520,5th
Location,2023-04-13 10:45:47+09:00,2023-04-13 10:46:05+09:00,97,5th-location,cleaning,5th
Location,2023-04-13 10:46:08+09:00,2023-04-13 10:47:02+09:00,97,5th-location,cafeteria,5th
Location,2023-04-13 10:47:04+09:00,2023-04-13 10:48:15+09:00,97,5th-location,kitchen,5th
Location,2023-04-13 10:48:17+09:00,2023-04-13 10:48:53+09:00,97,5th-location,cafeteria,5th
Location,2023-04-13 10:49:03+09:00,2023-04-13 10:49:28+09:00,97,5th-location,cleaning,5th
Location,2023-04-13 10:49:34+09:00,2023-04-13 10:49:39+09:00,97,5th-location,cafeteria,5th
Location,2023-04-13 10:49:40+09:00,2023-04-13 10:50:12+09:00,97,5th-location,kitchen,5th
Location,2023-04-13 10:50:13+09:00,2023-04-13 10:50:19+09:00,97,5th-location,cafeteria,5th
Location,2023-04-13 10:50:20+09:00,2023-04-13 10:52:01+09:00,97,5th-location,cleaning,5th
Location,2023-04-13 10:52:02+09:00,2023-04-13 10:52:15+09:00,97,5th-location,cafeteria,5th
Location,2023-04-13 10:52:30+09:00,2023-04-13 10:53:14+09:00,97,5th-location,508,5th
Location,2023-04-13 10:53:20+09:00,2023-04-13 10:55:58+09:00,97,5th-location,510,5th
Location,2023-04-13 10:56:10+09:00,2023-04-13 10:56:18+09:00,97,5th-location,cafeteria,5th
Location,2023-04-13 10:56:19+09:00,2023-04-13 10:58:24+09:00,97,5th-location,kitchen,5th
Location,2023-04-13 10:58:28+09:00,2023-04-13 10:59:46+09:00,97,5th-location,cafeteria,5th
Location,2023-04-13 10:59:47+09:00,2023-04-13 11:00:09+09:00,97,5th-location,kitchen,5th
Location,2023-04-13 11:00:10+09:00,2023-04-13 11:00:18+09:00,97,5th-location,cafeteria,5th
Location,2023-04-13 11:00:18+09:00,2023-04-13 11:00:56+09:00,97,5th-location,nurse station,5th
Location,2023-04-13 11:01:14+09:00,2023-04-13 11:01:42+09:00,97,5th-location,505,5th
Location,2023-04-13 11:01:43+09:00,2023-04-13 11:08:05+09:00,97,5th-location,513,5th
Location,2023-04-13 11:08:29+09:00,2023-04-13 11:09:06+09:00,97,5th-location,cafeteria,5th
Location,2023-04-13 11:09:07+09:00,2023-04-13 11:15:06+09:00,97,5th-location,nurse station,5th
Location,2023-04-13 11:15:07+09:00,2023-04-13 11:17:10+09:00,97,5th-location,cafeteria,5th
Location,2023-04-13 11:17:14+09:00,2023-04-13 11:17:36+09:00,97,5th-location,kitchen,5th
Location,2023-04-13 11:17:38+09:00,2023-04-13 11:19:20+09:00,97,5th-location,cafeteria,5th
Location,2023-04-13 11:19:35+09:00,2023-04-13 11:21:13+09:00,97,5th-location,517,5th
Location,2023-04-13 11:21:26+09:00,2023-04-13 11:21:30+09:00,97,5th-location,cafeteria,5th
Location,2023-04-13 11:21:31+09:00,2023-04-13 11:21:45+09:00,97,5th-location,kitchen,5th
Location,2023-04-13 11:21:45+09:00,2023-04-13 11:22:01+09:00,97,5th-location,cafeteria,5th
Location,2023-04-13 11:22:09+09:00,2023-04-13 11:23:36+09:00,97,5th-location,518,5th
Location,2023-04-13 11:23:59+09:00,2023-04-13 11:24:51+09:00,97,5th-location,cleaning,5th
Location,2023-04-13 11:24:58+09:00,2023-04-13 11:29:58+09:00,97,5th-location,nurse station,5th
Location,2023-04-13 11:30:46+09:00,2023-04-13 11:32:05+09:00,97,5th-location,kitchen,5th
Location,2023-04-13 11:32:14+09:00,2023-04-13 11:35:38+09:00,97,5th-location,nurse station,5th
Location,2023-04-13 11:35:40+09:00,2023-04-13 11:41:58+09:00,97,5th-location,kitchen,5th
Location,2023-04-13 11:44:10+09:00,2023-04-13 11:52:41+09:00,97,5th-location,kitchen,5th
Location,2023-04-13 11:52:44+09:00,2023-04-13 11:52:50+09:00,97,5th-location,cafeteria,5th
Location,2023-04-13 11:53:02+09:00,2023-04-13 11:58:51+09:00,97,5th-location,kitchen,5th
Location,2023-04-13 11:59:43+09:00,2023-04-13 12:32:25+09:00,97,5th-location,523,5th
Location,2023-04-13 12:32:32+09:00,2023-04-13 12:43:40+09:00,97,5th-location,kitchen,5th
Location,2023-04-13 12:43:55+09:00,2023-04-13 12:44:57+09:00,97,5th-location,nurse station,5th
Location,2023-04-13 12:46:23+09:00,2023-04-13 12:48:17+09:00,97,5th-location,nurse station,5th
Location,2023-04-13 12:48:23+09:00,2023-04-13 12:50:02+09:00,97,5th-location,kitchen,5th
Location,2023-04-13 14:11:19+09:00,2023-04-13 14:11:57+09:00,97,5th-location,cafeteria,5th
Location,2023-04-13 14:11:57+09:00,2023-04-13 14:24:56+09:00,97,5th-location,kitchen,5th
Location,2023-04-13 14:24:57+09:00,2023-04-13 14:25:04+09:00,97,5th-location,cafeteria,5th
Location,2023-04-13 14:25:05+09:00,2023-04-13 14:25:36+09:00,97,5th-location,kitchen,5th
Location,2023-04-13 14:25:37+09:00,2023-04-13 14:26:36+09:00,97,5th-location,cafeteria,5th
Location,2023-04-13 14:26:37+09:00,2023-04-13 14:27:04+09:00,97,5th-location,kitchen,5th
Location,2023-04-13 14:27:04+09:00,2023-04-13 14:28:10+09:00,97,5th-location,cafeteria,5th
Location,2023-04-13 14:28:10+09:00,2023-04-13 14:28:17+09:00,97,5th-location,kitchen,5th
Location,2023-04-13 14:28:17+09:00,2023-04-13 14:28:30+09:00,97,5th-location,cafeteria,5th
Location,2023-04-13 14:28:31+09:00,2023-04-13 14:28:56+09:00,97,5th-location,kitchen,5th
Location,2023-04-13 14:28:57+09:00,2023-04-13 14:29:03+09:00,97,5th-location,cafeteria,5th
Location,2023-04-13 14:29:03+09:00,2023-04-13 14:29:17+09:00,97,5th-location,kitchen,5th
Location,2023-04-13 14:29:21+09:00,2023-04-13 14:29:21+09:00,97,5th-location,cafeteria,5th
Location,2023-04-13 14:29:24+09:00,2023-04-13 14:29:58+09:00,97,5th-location,nurse station,5th
Location,2023-04-13 14:30:01+09:00,2023-04-13 14:30:18+09:00,97,5th-location,cafeteria,5th
Location,2023-04-13 14:30:19+09:00,2023-04-13 14:32:07+09:00,97,5th-location,nurse station,5th
Location,2023-04-13 14:32:09+09:00,2023-04-13 14:32:54+09:00,97,5th-location,cafeteria,5th
Location,2023-04-13 14:32:55+09:00,2023-04-13 14:33:43+09:00,97,5th-location,nurse station,5th
Location,2023-04-13 14:33:45+09:00,2023-04-13 14:33:48+09:00,97,5th-location,cafeteria,5th
Location,2023-04-13 14:33:56+09:00,2023-04-13 14:34:27+09:00,97,5th-location,517,5th
Location,2023-04-13 14:34:33+09:00,2023-04-13 14:35:13+09:00,97,5th-location,hallway,"2nd,5th"
Location,2023-04-13 14:35:20+09:00,2023-04-13 14:35:33+09:00,97,5th-location,cafeteria,5th
Location,2023-04-13 14:35:34+09:00,2023-04-13 14:40:50+09:00,97,5th-location,nurse station,5th
Location,2023-04-13 14:40:50+09:00,2023-04-13 14:41:41+09:00,97,5th-location,cafeteria,5th
Location,2023-04-13 14:41:42+09:00,2023-04-13 14:41:47+09:00,97,5th-location,nurse station,5th
Location,2023-04-13 14:41:47+09:00,2023-04-13 14:45:27+09:00,97,5th-location,cafeteria,5th
Location,2023-04-13 14:45:29+09:00,2023-04-13 14:45:35+09:00,97,5th-location,nurse station,5th
Location,2023-04-13 14:45:37+09:00,2023-04-13 14:45:51+09:00,97,5th-location,cafeteria,5th
Location,2023-04-13 14:46:04+09:00,2023-04-13 14:49:42+09:00,97,5th-location,501,5th
Location,2023-04-13 14:50:07+09:00,2023-04-13 14:50:27+09:00,97,5th-location,cafeteria,5th
Location,2023-04-13 14:50:28+09:00,2023-04-13 14:50:59+09:00,97,5th-location,cleaning,5th
Location,2023-04-13 14:51:08+09:00,2023-04-13 14:52:30+09:00,97,5th-location,nurse station,5th
Location,2023-04-13 14:52:50+09:00,2023-04-13 14:58:22+09:00,97,5th-location,513,5th
Location,2023-04-13 14:58:38+09:00,2023-04-13 14:59:03+09:00,97,5th-location,cafeteria,5th
Location,2023-04-13 14:59:04+09:00,2023-04-13 15:00:05+09:00,97,5th-location,cleaning,5th
Location,2023-04-13 15:00:12+09:00,2023-04-13 15:00:56+09:00,97,5th-location,nurse station,5th
Location,2023-04-13 15:00:57+09:00,2023-04-13 15:01:39+09:00,97,5th-location,cafeteria,5th
Location,2023-04-13 15:01:49+09:00,2023-04-13 15:08:24+09:00,97,5th-location,503,5th
Location,2023-04-13 15:09:06+09:00,2023-04-13 15:09:10+09:00,97,5th-location,hallway,"2nd,5th"
Location,2023-04-13 15:09:39+09:00,2023-04-13 15:10:08+09:00,97,5th-location,nurse station,5th
Location,2023-04-13 15:10:15+09:00,2023-04-13 15:14:15+09:00,97,5th-location,520,5th
Location,2023-04-13 15:14:28+09:00,2023-04-13 15:14:46+09:00,97,5th-location,520,5th
Location,2023-04-13 15:15:12+09:00,2023-04-13 15:15:26+09:00,97,5th-location,cafeteria,5th
Location,2023-04-13 15:15:36+09:00,2023-04-13 15:15:57+09:00,97,5th-location,hallway,"2nd,5th"
Location,2023-04-13 15:16:01+09:00,2023-04-13 15:16:28+09:00,97,5th-location,nurse station,5th
Location,2023-04-13 15:16:32+09:00,2023-04-13 15:20:36+09:00,97,5th-location,510,5th
Location,2023-04-13 15:20:51+09:00,2023-04-13 15:20:53+09:00,97,5th-location,hallway,"2nd,5th"
Location,2023-04-13 15:20:56+09:00,2023-04-13 15:21:16+09:00,97,5th-location,cafeteria,5th
Location,2023-04-13 15:21:20+09:00,2023-04-13 15:21:42+09:00,97,5th-location,hallway,"2nd,5th"
Location,2023-04-13 15:21:54+09:00,2023-04-13 15:22:40+09:00,97,5th-location,hallway,"2nd,5th"
Location,2023-04-13 15:22:43+09:00,2023-04-13 15:28:17+09:00,97,5th-location,522,5th
Location,2023-04-13 15:22:43+09:00,2023-04-13 15:28:17+09:00,97,5th-location,kitchen,5th
Location,2023-04-13 15:28:21+09:00,2023-04-13 15:29:06+09:00,97,5th-location,hallway,"2nd,5th"
Location,2023-04-13 15:33:25+09:00,2023-04-13 15:33:46+09:00,97,5th-location,cafeteria,5th
Location,2023-04-13 15:33:51+09:00,2023-04-13 15:34:06+09:00,97,5th-location,nurse station,5th
Location,2023-04-13 15:34:23+09:00,2023-04-13 15:39:30+09:00,97,5th-location,cafeteria,5th
Location,2023-04-13 15:39:43+09:00,2023-04-13 15:40:14+09:00,97,5th-location,nurse station,5th
Location,2023-04-13 15:40:18+09:00,2023-04-13 15:40:20+09:00,97,5th-location,hallway,"2nd,5th"
Location,2023-04-13 15:40:25+09:00,2023-04-13 15:47:54+09:00,97,5th-location,523,5th
Location,2023-04-13 15:48:07+09:00,2023-04-13 15:55:06+09:00,97,5th-location,512,5th
Location,2023-04-13 15:55:16+09:00,2023-04-13 15:55:47+09:00,97,5th-location,hallway,"2nd,5th"
Location,2023-04-13 15:55:58+09:00,2023-04-13 15:56:10+09:00,97,5th-location,hallway,"2nd,5th"
Location,2023-04-13 15:56:15+09:00,2023-04-13 15:56:45+09:00,97,5th-location,cafeteria,5th
Location,2023-04-13 15:56:49+09:00,2023-04-13 15:58:30+09:00,97,5th-location,nurse station,5th
Location,2023-04-13 15:58:44+09:00,2023-04-13 16:00:07+09:00,97,5th-location,nurse station,5th
Location,2023-04-13 16:00:08+09:00,2023-04-13 16:00:12+09:00,97,5th-location,cafeteria,5th
Location,2023-04-13 16:00:13+09:00,2023-04-13 16:02:15+09:00,97,5th-location,kitchen,5th
Location,2023-04-13 16:02:16+09:00,2023-04-13 16:02:42+09:00,97,5th-location,cafeteria,5th
Location,2023-04-13 16:06:07+09:00,2023-04-13 16:06:38+09:00,97,5th-location,cafeteria,5th
Location,2023-04-13 16:06:38+09:00,2023-04-13 16:15:03+09:00,97,5th-location,nurse station,5th
Location,2023-04-13 16:15:09+09:00,2023-04-13 16:15:26+09:00,97,5th-location,cafeteria,5th
Location,2023-04-13 16:15:42+09:00,2023-04-13 16:19:06+09:00,97,5th-location,515,5th
Location,2023-04-13 16:19:25+09:00,2023-04-13 16:19:41+09:00,97,5th-location,cafeteria,5th
Location,2023-04-13 16:19:41+09:00,2023-04-13 16:19:57+09:00,97,5th-location,cleaning,5th
Location,2023-04-13 16:19:59+09:00,2023-04-13 16:24:32+09:00,97,5th-location,nurse station,5th
Location,2023-04-13 16:24:32+09:00,2023-04-13 16:24:36+09:00,97,5th-location,cafeteria,5th
Location,2023-04-13 16:24:37+09:00,2023-04-13 16:25:30+09:00,97,5th-location,kitchen,5th
Location,2023-04-13 16:25:31+09:00,2023-04-13 16:25:55+09:00,97,5th-location,cafeteria,5th
Location,2023-04-13 16:25:58+09:00,2023-04-13 16:27:03+09:00,97,5th-location,kitchen,5th
Location,2023-04-13 16:27:04+09:00,2023-04-13 16:27:49+09:00,97,5th-location,cafeteria,5th
Location,2023-04-13 16:27:50+09:00,2023-04-13 16:39:50+09:00,97,5th-location,kitchen,5th
Location,2023-04-13 16:39:50+09:00,2023-04-13 16:41:43+09:00,97,5th-location,cafeteria,5th
Location,2023-04-13 16:41:44+09:00,2023-04-13 16:45:34+09:00,97,5th-location,kitchen,5th
Location,2023-04-13 16:45:35+09:00,2023-04-13 16:46:00+09:00,97,5th-location,cafeteria,5th
Location,2023-04-13 16:46:00+09:00,2023-04-13 16:47:00+09:00,97,5th-location,kitchen,5th
Location,2023-04-13 16:47:41+09:00,2023-04-13 16:48:30+09:00,97,5th-location,nurse station,5th
Location,2023-04-13 16:48:32+09:00,2023-04-13 16:48:44+09:00,97,5th-location,cafeteria,5th
Location,2023-04-13 16:48:45+09:00,2023-04-13 16:52:14+09:00,97,5th-location,kitchen,5th
Location,2023-04-13 16:52:15+09:00,2023-04-13 16:52:21+09:00,97,5th-location,cafeteria,5th
Location,2023-04-13 16:52:22+09:00,2023-04-13 16:53:09+09:00,97,5th-location,nurse station,5th
Location,2023-04-13 16:53:09+09:00,2023-04-13 16:53:16+09:00,97,5th-location,cafeteria,5th
Location,2023-04-13 16:53:17+09:00,2023-04-13 16:54:29+09:00,97,5th-location,kitchen,5th
Location,2023-04-13 16:54:33+09:00,2023-04-13 16:56:00+09:00,97,5th-location,cafeteria,5th
Location,2023-04-13 16:56:01+09:00,2023-04-13 16:56:07+09:00,97,5th-location,nurse station,5th
Location,2023-04-13 16:56:11+09:00,2023-04-13 16:56:39+09:00,97,5th-location,cafeteria,5th
Location,2023-04-13 16:56:40+09:00,2023-04-13 16:57:07+09:00,97,5th-location,kitchen,5th
Location,2023-04-13 16:57:08+09:00,2023-04-13 16:57:15+09:00,97,5th-location,cafeteria,5th
Location,2023-04-13 16:57:23+09:00,2023-04-13 16:57:48+09:00,97,5th-location,518,5th
Location,2023-04-13 16:58:03+09:00,2023-04-13 16:58:32+09:00,97,5th-location,517,5th
Location,2023-04-13 16:58:52+09:00,2023-04-13 17:00:44+09:00,97,5th-location,cafeteria,5th
Location,2023-04-13 17:00:46+09:00,2023-04-13 17:00:55+09:00,97,5th-location,nurse station,5th
Location,2023-04-13 17:01:53+09:00,2023-04-13 17:02:35+09:00,97,5th-location,510,5th
Location,2023-04-13 17:02:55+09:00,2023-04-13 17:03:53+09:00,97,5th-location,kitchen,5th
Location,2023-04-13 17:05:00+09:00,2023-04-13 17:07:48+09:00,97,5th-location,nurse station,5th
Location,2023-04-13 17:07:50+09:00,2023-04-13 17:18:25+09:00,97,5th-location,kitchen,5th
